date	Alabama	Alaska	Arizona	Arkansas	California	Colorado	Connecticut	Delaware	District_of_Columbia	Florida	Georgia	Guam	Hawaii	Idaho	Illinois	Indiana	Iowa	Kansas	Kentucky	Louisiana	Maine	Maryland	Massachusetts	Michigan	Minnesota	Mississippi	Missouri	Montana	Nebraska	Nevada	New_Hampshire	New_Jersey	New_Mexico	New_York	North_Carolina	North_Dakota	Northern_Mariana_Islands	Ohio	Oklahoma	Oregon	Pennsylvania	Puerto_Rico	Rhode_Island	South_Carolina	South_Dakota	Tennessee	Texas	Utah	Vermont	Virgin_Islands	Virginia	Washington	West_Virginia	Wisconsin	Wyoming
20200121	0	0	0	0	0	0	0	0	0	0	0	0	0	0	0	0	0	0	0	0	0	0	0	0	0	0	0	0	0	0	0	0	0	0	0	0	0	0	0	0	0	0	0	0	0	0	0	0	0	0	0	1	0	0	0
20200122	0	0	0	0	0	0	0	0	0	0	0	0	0	0	0	0	0	0	0	0	0	0	0	0	0	0	0	0	0	0	0	0	0	0	0	0	0	0	0	0	0	0	0	0	0	0	0	0	0	0	0	1	0	0	0
20200123	0	0	0	0	0	0	0	0	0	0	0	0	0	0	0	0	0	0	0	0	0	0	0	0	0	0	0	0	0	0	0	0	0	0	0	0	0	0	0	0	0	0	0	0	0	0	0	0	0	0	0	1	0	0	0
20200124	0	0	0	0	0	0	0	0	0	0	0	0	0	0	1	0	0	0	0	0	0	0	0	0	0	0	0	0	0	0	0	0	0	0	0	0	0	0	0	0	0	0	0	0	0	0	0	0	0	0	0	1	0	0	0
20200125	0	0	0	0	1	0	0	0	0	0	0	0	0	0	1	0	0	0	0	0	0	0	0	0	0	0	0	0	0	0	0	0	0	0	0	0	0	0	0	0	0	0	0	0	0	0	0	0	0	0	0	1	0	0	0
20200126	0	0	1	0	2	0	0	0	0	0	0	0	0	0	1	0	0	0	0	0	0	0	0	0	0	0	0	0	0	0	0	0	0	0	0	0	0	0	0	0	0	0	0	0	0	0	0	0	0	0	0	1	0	0	0
20200127	0	0	1	0	2	0	0	0	0	0	0	0	0	0	1	0	0	0	0	0	0	0	0	0	0	0	0	0	0	0	0	0	0	0	0	0	0	0	0	0	0	0	0	0	0	0	0	0	0	0	0	1	0	0	0
20200128	0	0	1	0	2	0	0	0	0	0	0	0	0	0	1	0	0	0	0	0	0	0	0	0	0	0	0	0	0	0	0	0	0	0	0	0	0	0	0	0	0	0	0	0	0	0	0	0	0	0	0	1	0	0	0
20200129	0	0	1	0	2	0	0	0	0	0	0	0	0	0	1	0	0	0	0	0	0	0	0	0	0	0	0	0	0	0	0	0	0	0	0	0	0	0	0	0	0	0	0	0	0	0	0	0	0	0	0	1	0	0	0
20200130	0	0	1	0	2	0	0	0	0	0	0	0	0	0	2	0	0	0	0	0	0	0	0	0	0	0	0	0	0	0	0	0	0	0	0	0	0	0	0	0	0	0	0	0	0	0	0	0	0	0	0	1	0	0	0
20200131	0	0	1	0	3	0	0	0	0	0	0	0	0	0	2	0	0	0	0	0	0	0	0	0	0	0	0	0	0	0	0	0	0	0	0	0	0	0	0	0	0	0	0	0	0	0	0	0	0	0	0	1	0	0	0
20200201	0	0	1	0	3	0	0	0	0	0	0	0	0	0	2	0	0	0	0	0	0	0	1	0	0	0	0	0	0	0	0	0	0	0	0	0	0	0	0	0	0	0	0	0	0	0	0	0	0	0	0	1	0	0	0
20200202	0	0	1	0	6	0	0	0	0	0	0	0	0	0	2	0	0	0	0	0	0	0	1	0	0	0	0	0	0	0	0	0	0	0	0	0	0	0	0	0	0	0	0	0	0	0	0	0	0	0	0	1	0	0	0
20200203	0	0	1	0	6	0	0	0	0	0	0	0	0	0	2	0	0	0	0	0	0	0	1	0	0	0	0	0	0	0	0	0	0	0	0	0	0	0	0	0	0	0	0	0	0	0	0	0	0	0	0	1	0	0	0
20200204	0	0	1	0	6	0	0	0	0	0	0	0	0	0	2	0	0	0	0	0	0	0	1	0	0	0	0	0	0	0	0	0	0	0	0	0	0	0	0	0	0	0	0	0	0	0	0	0	0	0	0	1	0	0	0
20200205	0	0	1	0	6	0	0	0	0	0	0	0	0	0	2	0	0	0	0	0	0	0	1	0	0	0	0	0	0	0	0	0	0	0	0	0	0	0	0	0	0	0	0	0	0	0	0	0	0	0	0	1	0	1	0
20200206	0	0	1	0	6	0	0	0	0	0	0	0	0	0	2	0	0	0	0	0	0	0	1	0	0	0	0	0	0	0	0	0	0	0	0	0	0	0	0	0	0	0	0	0	0	0	0	0	0	0	0	1	0	1	0
20200207	0	0	1	0	6	0	0	0	0	0	0	0	0	0	2	0	0	0	0	0	0	0	1	0	0	0	0	0	0	0	0	0	0	0	0	0	0	0	0	0	0	0	0	0	0	0	0	0	0	0	0	1	0	1	0
20200208	0	0	1	0	6	0	0	0	0	0	0	0	0	0	2	0	0	0	0	0	0	0	1	0	0	0	0	0	0	0	0	0	0	0	0	0	0	0	0	0	0	0	0	0	0	0	0	0	0	0	0	1	0	1	0
20200209	0	0	1	0	6	0	0	0	0	0	0	0	0	0	2	0	0	0	0	0	0	0	1	0	0	0	0	0	0	0	0	0	0	0	0	0	0	0	0	0	0	0	0	0	0	0	0	0	0	0	0	1	0	1	0
20200210	0	0	1	0	7	0	0	0	0	0	0	0	0	0	2	0	0	0	0	0	0	0	1	0	0	0	0	0	0	0	0	0	0	0	0	0	0	0	0	0	0	0	0	0	0	0	0	0	0	0	0	1	0	1	0
20200211	0	0	1	0	7	0	0	0	0	0	0	0	0	0	2	0	0	0	0	0	0	0	1	0	0	0	0	0	0	0	0	0	0	0	0	0	0	0	0	0	0	0	0	0	0	0	0	0	0	0	0	1	0	1	0
20200212	0	0	1	0	7	0	0	0	0	0	0	0	0	0	2	0	0	0	0	0	0	0	1	0	0	0	0	0	0	0	0	0	0	0	0	0	0	0	0	0	0	0	0	0	0	0	1	0	0	0	0	1	0	1	0
20200213	0	0	1	0	7	0	0	0	0	0	0	0	0	0	2	0	0	0	0	0	0	0	1	0	0	0	0	0	0	0	0	0	0	0	0	0	0	0	0	0	0	0	0	0	0	0	2	0	0	0	0	1	0	1	0
20200214	0	0	1	0	7	0	0	0	0	0	0	0	0	0	2	0	0	0	0	0	0	0	1	0	0	0	0	0	0	0	0	0	0	0	0	0	0	0	0	0	0	0	0	0	0	0	2	0	0	0	0	1	0	1	0
20200215	0	0	1	0	7	0	0	0	0	0	0	0	0	0	2	0	0	0	0	0	0	0	1	0	0	0	0	0	0	0	0	0	0	0	0	0	0	0	0	0	0	0	0	0	0	0	2	0	0	0	0	1	0	1	0
20200216	0	0	1	0	7	0	0	0	0	0	0	0	0	0	2	0	0	0	0	0	0	0	1	0	0	0	0	0	0	0	0	0	0	0	0	0	0	0	0	0	0	0	0	0	0	0	2	0	0	0	0	1	0	1	0
20200217	0	0	1	0	7	0	0	0	0	0	0	0	0	0	2	0	0	0	0	0	0	0	1	0	0	0	0	0	10	0	0	0	0	0	0	0	0	0	0	0	0	0	0	0	0	0	2	0	0	0	0	1	0	1	0
20200218	0	0	1	0	7	0	0	0	0	0	0	0	0	0	2	0	0	0	0	0	0	0	1	0	0	0	0	0	10	0	0	0	0	0	0	0	0	0	0	0	0	0	0	0	0	0	2	0	0	0	0	1	0	1	0
20200219	0	0	1	0	7	0	0	0	0	0	0	0	0	0	2	0	0	0	0	0	0	0	1	0	0	0	0	0	10	0	0	0	0	0	0	0	0	0	0	0	0	0	0	0	0	0	2	0	0	0	0	1	0	1	0
20200220	0	0	1	0	8	0	0	0	0	0	0	0	0	0	2	0	0	0	0	0	0	0	1	0	0	0	0	0	11	0	0	0	0	0	0	0	0	0	0	0	0	0	0	0	0	0	2	0	0	0	0	1	0	1	0
20200221	0	0	1	0	9	0	0	0	0	0	0	0	0	0	2	0	0	0	0	0	0	0	1	0	0	0	0	0	11	0	0	0	0	0	0	0	0	0	0	0	0	0	0	0	0	0	4	0	0	0	0	1	0	1	0
20200222	0	0	1	0	9	0	0	0	0	0	0	0	0	0	2	0	0	0	0	0	0	0	1	0	0	0	0	0	11	0	0	0	0	0	0	0	0	0	0	0	0	0	0	0	0	0	4	0	0	0	0	1	0	1	0
20200223	0	0	1	0	9	0	0	0	0	0	0	0	0	0	2	0	0	0	0	0	0	0	1	0	0	0	0	0	11	0	0	0	0	0	0	0	0	0	0	0	0	0	0	0	0	0	4	0	0	0	0	1	0	1	0
20200224	0	0	1	0	11	0	0	0	0	0	0	0	0	0	2	0	0	0	0	0	0	0	1	0	0	0	0	0	12	0	0	0	0	0	0	0	0	0	0	0	0	0	0	0	0	0	10	0	0	0	0	5	0	1	0
20200225	0	0	1	0	11	0	0	0	0	0	0	0	0	0	2	0	0	0	0	0	0	0	1	0	0	0	0	0	13	0	0	0	0	0	0	0	0	0	0	0	0	0	0	0	0	0	10	1	0	0	0	5	0	1	0
20200226	0	0	1	0	26	0	0	0	0	0	0	0	0	0	2	0	0	0	0	0	0	0	1	0	0	0	0	0	13	0	0	0	0	0	0	0	0	0	0	0	0	0	0	0	0	0	10	1	0	0	0	5	0	1	0
20200227	0	0	1	0	26	0	0	0	0	0	0	0	0	0	2	0	0	0	0	0	0	0	1	0	0	0	0	0	13	0	0	0	0	0	0	0	0	0	0	0	0	0	0	0	0	0	10	1	0	0	0	5	0	1	0
20200228	0	0	1	0	27	0	0	0	0	0	0	0	0	0	2	0	0	0	0	0	0	0	1	0	0	0	0	0	13	0	0	0	0	0	0	0	0	0	0	1	0	0	0	0	0	0	11	1	0	0	0	7	0	1	0
20200229	0	0	1	0	28	0	0	0	0	0	0	0	0	0	3	0	0	0	0	0	0	0	1	0	0	0	0	0	13	0	0	0	0	0	0	0	0	0	0	1	0	0	0	0	0	0	11	1	0	0	0	10	0	1	0
20200301	0	0	1	0	33	0	0	0	0	2	0	0	0	0	3	0	0	0	0	0	0	0	1	0	0	0	0	0	13	0	0	0	0	1	0	0	0	0	0	2	0	0	2	0	0	0	11	1	0	0	0	17	0	1	0
20200302	0	0	1	0	38	0	0	0	0	2	2	0	0	0	4	0	0	0	0	0	0	0	2	0	0	0	0	0	13	0	1	0	0	1	0	0	0	0	0	2	0	0	2	0	0	0	11	1	0	0	0	23	0	1	0
20200303	0	0	2	0	45	0	0	0	0	3	2	0	0	0	4	0	0	0	0	0	0	0	2	0	0	0	0	0	13	0	2	0	0	2	1	0	0	0	0	2	0	0	2	0	0	0	11	1	0	0	0	32	0	1	0
20200304	0	0	2	0	55	0	0	0	0	3	2	0	0	0	4	0	0	0	0	0	0	0	2	0	0	0	0	0	13	0	2	1	0	11	1	0	0	0	0	2	0	0	2	0	0	0	12	1	0	0	0	47	0	1	0
20200305	0	0	2	0	67	2	0	0	0	4	2	0	0	0	5	0	0	0	0	0	0	3	3	0	0	0	0	0	13	2	2	2	0	22	1	0	0	0	0	2	0	0	2	0	0	1	16	1	0	0	0	75	0	1	0
20200306	0	0	3	0	81	8	0	0	0	7	3	0	1	0	6	1	0	0	1	0	0	3	8	0	1	0	0	0	14	2	2	4	0	44	2	0	0	0	1	2	2	0	3	2	0	1	19	3	0	0	0	86	0	1	0
20200307	0	0	5	0	100	8	0	0	1	12	7	0	1	0	6	1	0	1	1	0	0	3	13	0	1	0	1	0	14	2	4	4	0	89	2	0	0	0	1	6	4	0	3	2	0	1	19	3	1	0	1	110	0	1	0
20200308	0	0	5	0	112	8	1	0	1	13	11	0	2	0	7	2	3	1	4	0	0	5	28	0	2	0	1	0	16	4	4	6	0	106	2	0	0	0	1	13	6	0	3	6	0	3	23	3	1	0	2	141	0	1	0
20200309	0	0	6	0	172	12	2	0	4	14	17	0	2	0	11	4	8	1	5	1	0	6	41	0	2	0	1	0	16	4	4	11	0	142	7	0	0	3	1	13	10	0	3	7	0	4	24	3	1	0	5	179	0	2	0
20200310	0	0	6	0	179	17	2	0	4	23	22	0	2	0	19	6	13	1	7	6	0	9	92	2	3	0	1	0	17	4	5	15	0	173	7	0	0	3	2	14	12	0	5	9	5	7	31	4	1	0	8	279	0	3	0
20200311	0	0	9	1	202	34	3	1	10	26	31	0	2	0	25	11	14	1	7	13	0	13	95	2	5	1	1	0	23	7	5	23	4	217	8	1	0	4	2	20	16	0	5	10	8	8	33	5	2	0	10	338	0	6	1
20200312	0	1	9	6	252	49	6	4	10	46	31	0	2	0	32	12	16	5	11	14	1	13	108	12	9	1	2	0	24	11	6	29	6	326	16	1	0	5	2	30	22	0	5	12	8	18	41	7	2	0	17	419	0	8	1
20200313	6	1	9	7	320	78	11	4	10	70	41	0	2	1	46	12	17	6	11	36	2	18	123	25	14	6	4	4	27	19	7	50	10	421	18	1	0	13	3	30	41	3	20	13	9	26	58	7	2	0	30	511	0	19	2
20200314	12	1	12	9	381	103	20	4	16	70	65	0	4	5	66	15	18	8	18	77	3	27	138	33	21	6	5	6	29	21	7	75	13	610	25	1	0	26	4	36	47	4	20	19	9	32	69	21	5	1	42	609	0	27	3
20200315	23	1	13	16	478	136	26	7	17	109	97	3	7	5	94	19	22	9	21	103	12	32	164	53	35	10	5	6	31	26	13	98	17	732	32	1	0	37	8	39	68	5	20	28	9	39	80	29	8	1	45	675	0	33	3
20200316	29	3	18	22	588	161	41	8	22	141	118	3	10	5	104	24	22	11	22	137	17	39	197	54	54	12	9	8	33	45	17	176	21	950	34	1	0	50	10	46	81	5	21	33	10	52	87	40	12	2	51	794	0	47	10
20200317	39	6	20	22	732	183	68	16	31	210	142	3	14	9	159	30	29	17	26	196	32	57	218	65	60	21	16	8	36	55	26	268	23	1375	42	5	0	67	18	66	101	5	23	47	11	73	106	51	14	2	67	908	1	72	15
20200318	51	9	28	33	893	216	96	26	36	326	193	8	16	11	286	39	38	22	35	280	43	85	256	80	77	34	21	12	43	82	39	427	28	2387	66	7	0	90	29	74	139	5	33	60	11	98	166	65	19	3	78	1026	2	106	17
20200319	78	12	47	62	1067	278	159	30	39	434	282	12	26	23	420	56	44	35	47	392	52	108	328	334	89	50	35	19	47	99	44	735	35	4161	104	19	0	120	44	87	187	6	44	81	14	155	248	80	22	3	94	1228	5	155	18
20200320	106	14	70	100	1283	364	194	39	71	564	482	14	37	31	583	81	45	49	63	537	57	150	413	548	115	80	73	19	53	165	55	896	43	7113	144	27	0	169	49	114	269	14	44	126	14	237	386	112	29	6	115	1404	8	216	22
20200321	131	21	104	118	1544	475	223	45	77	764	552	15	48	42	751	128	68	57	84	763	70	195	525	787	138	140	93	29	61	165	65	1336	57	10371	184	28	0	247	53	137	388	21	66	172	14	312	547	138	49	6	152	1655	12	281	24
20200322	157	22	153	165	1851	591	327	56	98	1000	620	27	56	47	1047	204	90	66	103	837	89	245	646	1033	171	207	130	34	62	190	78	1914	65	15188	269	30	0	351	67	161	504	23	83	194	21	424	639	182	52	17	219	1844	16	382	26
20200323	196	36	234	201	2240	721	415	87	116	1222	800	29	77	50	1285	264	105	82	124	1172	107	290	777	1324	235	249	183	45	73	265	101	2844	83	20899	302	32	0	444	81	191	644	31	106	299	28	522	728	257	75	17	254	2101	16	418	28
20200324	242	42	326	231	2644	912	618	104	137	1467	1095	32	90	73	1535	371	124	102	157	1388	118	349	1159	1791	264	320	255	51	77	315	108	3675	100	25704	397	37	0	564	106	209	851	39	124	342	30	678	857	299	95	17	291	2469	39	481	37
20200325	386	59	402	307	3183	1086	875	119	183	1971	1385	32	95	123	1874	484	147	134	198	1795	142	423	1838	2293	289	376	384	65	84	405	137	4402	113	33117	562	45	0	707	164	266	1151	51	132	425	41	806	1132	346	123	17	390	2585	51	623	49
20200326	538	69	508	350	4060	1432	1012	143	231	2478	1641	49	106	189	2538	661	179	173	248	2305	155	581	2417	2877	346	486	508	90	91	535	158	6876	136	39058	639	58	0	867	248	316	1690	64	165	456	46	981	1542	402	158	17	603	3208	76	754	56
20200327	639	85	665	385	4915	1735	1291	165	267	3198	2198	53	120	232	3029	992	236	213	302	2746	168	790	3240	3655	398	579	670	121	102	621	187	8825	191	44746	784	68	0	1144	322	415	2217	79	203	542	58	1180	1971	480	184	19	605	3770	96	930	74
20200328	720	102	773	409	5566	2061	1524	214	304	4038	2447	57	151	262	3547	1239	298	272	394	3315	211	1066	4257	4634	442	669	837	147	122	738	214	11124	210	53517	972	93	2	1406	377	480	2815	100	239	661	68	1363	2381	608	211	19	739	4311	113	1042	85
20200329	830	114	930	449	6321	2315	1993	232	342	4943	2683	58	175	310	4615	1522	336	333	439	3539	253	1244	4955	5486	504	759	902	161	138	920	258	13386	237	59783	1166	97	2	1665	429	549	3441	127	294	775	90	1569	2722	719	235	23	889	4897	124	1120	88
20200330	947	120	1169	508	7421	2628	2571	264	401	5695	3032	60	204	415	5070	1797	424	374	480	4024	275	1415	5752	6508	576	848	1049	177	185	1044	314	16636	282	67504	1303	109	2	1933	481	607	4156	174	408	925	100	1721	3065	806	256	30	1020	5180	145	1269	96
20200331	999	133	1298	564	8583	2990	3128	319	495	6742	4116	139	224	526	5992	2177	498	435	590	5237	303	1662	6620	7629	629	937	1350	198	199	1113	367	18696	315	76211	1527	126	2	2199	566	690	4997	239	488	1083	107	2049	3588	887	293	30	1249	5293	162	1351	121
20200401	1108	143	1413	624	9857	3346	3557	368	586	7769	4747	147	258	669	6978	2578	549	489	674	6424	344	1985	7738	9292	689	1073	1580	219	249	1279	415	22255	363	84364	1591	147	6	2548	719	737	5805	286	566	1293	129	2689	4402	1012	321	30	1511	5589	191	1552	138
20200402	1270	146	1600	683	11190	3728	3824	393	653	9000	5444	152	283	891	7695	3056	614	554	747	9152	376	2331	8966	10791	742	1177	1834	241	273	1458	479	25590	403	93360	1858	159	8	2903	879	827	7021	316	657	1554	165	2868	4952	1077	338	37	1706	6586	217	1730	154
20200403	1535	156	1769	738	12569	4182	4915	450	757	10260	5967	154	317	1012	8904	3455	699	625	762	10299	432	2758	10402	12669	789	1358	2113	262	297	1549	540	29895	495	103689	2093	173	8	3312	989	899	8420	378	711	1700	187	3032	5773	1248	389	38	2011	6967	242	1916	167
20200404	1632	169	2019	743	13796	4574	5276	593	902	11537	6383	223	349	1076	10357	3975	786	702	909	12500	456	3125	11736	14225	865	1455	2291	281	339	1758	621	34124	544	115963	2402	186	8	3739	1159	1000	10110	452	806	1917	212	3265	6566	1426	461	42	2408	7499	282	2112	189
20200405	1840	183	2269	853	15202	4950	5675	673	998	12342	6742	265	369	1100	11276	4437	868	769	1048	13014	470	3609	12500	15633	935	1638	2367	298	377	1880	669	37505	624	124085	2585	207	8	4043	1251	1068	11590	475	922	2049	240	3538	7117	1618	512	42	2636	7985	325	2267	200
20200406	2005	189	2466	927	16361	5172	6906	783	1097	13621	7558	266	385	1170	12262	4986	946	854	1057	14867	499	4045	13837	17129	986	1738	2722	319	438	1971	715	41090	686	133389	2870	225	8	4450	1326	1132	13075	513	1082	2232	288	3753	8150	1662	543	44	2877	8385	347	2440	213
20200407	2197	211	2577	997	17540	5429	7781	928	1211	14739	9156	274	408	1210	13549	5544	1048	905	1289	16284	519	4371	15202	18851	1069	1915	3037	319	491	2101	747	44416	794	141703	3220	237	8	4783	1470	1181	14582	573	1229	2417	320	4010	8968	1737	575	45	3332	8683	413	2578	221
20200408	2498	224	2726	1077	19043	5655	8781	1116	1440	15690	10204	409	433	1232	15078	5986	1145	1055	1393	17030	537	5529	16790	20220	1154	2003	3327	332	538	2318	788	47437	865	151271	3423	251	11	5149	1523	1239	16414	620	1450	2552	393	4246	9897	1860	605	46	3644	9098	483	2756	230
20200409	2838	233	3018	1146	20191	6202	9784	1209	1523	16819	10885	542	440	1366	16422	6400	1270	1116	1525	18283	560	6185	18941	21375	1242	2260	3539	354	594	2456	819	51027	989	162036	3651	269	11	5513	1683	1321	18379	683	1727	2792	447	4456	11372	1980	628	50	4041	9609	524	2885	303
20200410	3008	244	3112	1202	21366	6510	10538	1326	1660	17960	11859	577	463	1425	17887	6960	1388	1180	1702	19253	586	6968	20974	22646	1335	2469	3799	365	678	2606	885	54588	1090	172830	3906	278	11	5879	1794	1371	20128	725	2015	3065	536	4793	12291	2103	679	51	4509	9888	537	3068	320
20200411	3262	255	3393	1228	22421	6893	11510	1479	1778	18978	12261	681	484	1438	19180	7494	1510	1282	1851	20014	616	7694	22860	23855	1427	2642	4024	377	718	2720	929	58151	1174	182990	4310	293	11	6251	1868	1447	21774	788	2349	3207	626	4983	13208	2208	711	51	5076	10227	593	3213	343
20200412	3583	270	3539	1280	23323	7303	12035	1625	1875	19855	12103	716	497	1457	20852	7990	1587	1337	1963	20595	633	8225	25475	24496	1621	2781	4160	387	805	2860	985	61850	1245	191425	4520	308	11	6605	1970	1527	22955	897	2665	3319	729	5144	13776	2305	727	51	5273	10414	615	3341	364
20200413	3805	275	3702	1475	24334	7691	13381	1761	1955	21011	13125	719	502	1499	22025	8300	1710	1384	2048	21016	698	8936	26867	25490	1650	2942	4388	394	870	3036	1020	64584	1345	197973	4788	331	11	6975	2069	1584	24295	903	2976	3439	867	5483	14487	2368	748	51	5746	10547	638	3428	373
20200414	3953	283	3806	1498	25758	7941	13989	1926	2058	21620	13913	721	511	1538	23247	8598	1899	1440	2210	21518	734	9472	28163	26845	1695	3087	4686	399	930	3137	1091	68824	1407	205375	4992	341	13	7280	2184	1633	25591	923	3251	3553	987	5654	15303	2420	752	51	6173	10711	697	3555	373
20200415	4241	291	3962	1599	27107	8280	14755	2014	2197	22526	14583	750	524	1587	24593	9030	1995	1503	2295	21951	770	10096	29918	27894	1809	3360	4895	404	994	3212	1139	71030	1484	217130	5123	365	13	7791	2263	1663	26804	974	3529	3656	1168	5864	16106	2549	759	51	6502	10806	725	3721	392
20200416	4404	298	4234	1620	28142	8675	15884	2075	2350	23332	15644	790	535	1609	25734	9619	2141	1595	2429	22532	796	10851	32181	29120	1912	3624	5111	415	1094	3321	1211	75317	1597	225761	5463	393	13	8414	2357	1736	28314	1043	3838	3931	1311	6077	16928	2687	768	51	6891	11180	739	3875	393
20200417	4572	307	4507	1695	29398	9047	16809	2323	2476	24745	16658	796	547	1655	27575	10235	2332	1732	2522	23118	827	11641	34402	29954	2071	3793	5283	422	1216	3524	1287	78467	1711	233293	5859	439	14	9107	2465	1785	30121	1068	4177	4086	1411	6423	18131	2813	779	53	7492	11479	776	4045	401
20200418	4723	312	4719	1777	30829	9433	17550	2538	2666	25484	17014	805	568	1668	29160	10730	2513	1820	2707	23580	847	12379	36372	30718	2213	3974	5517	426	1348	3626	1342	81420	1798	240542	6140	528	14	10222	2570	1844	31742	1118	4491	4246	1541	6624	18927	2942	803	53	8053	11850	825	4199	412
20200419	4903	317	4929	1781	31544	9730	17962	2538	2793	26306	17619	808	574	1672	30357	11301	2915	1897	2960	23928	867	12892	38077	31349	2356	4274	5667	433	1473	3710	1392	85301	1845	246741	6493	585	14	11602	2599	1910	32992	1213	4706	4377	1635	6824	19441	3071	812	53	8536	11864	890	4346	422
20200420	5078	319	5064	1971	33862	10106	19815	2745	2927	27050	18447	811	578	1736	31508	11784	3175	2030	3050	24523	875	13750	39643	31929	2470	4512	5807	433	1646	3830	1447	88806	1971	251608	6764	627	14	12919	2680	1956	34005	1252	5090	4439	1685	6994	20035	3213	816	54	8989	12255	908	4564	426
20200421	5327	327	5251	2262	35844	10447	20360	2931	3098	27861	19189	852	580	1766	33059	12214	3641	2114	3193	24854	888	14261	41199	32936	2567	4716	5941	437	1726	3937	1491	92387	2072	255932	6951	644	14	13725	2807	2002	35384	915	5500	4608	1755	7317	20949	3301	818	54	9629	12410	929	4691	442
20200422	5610	333	5459	2392	37573	10878	22469	3200	3206	28301	20099	911	586	1802	35108	12575	3764	2291	3373	25317	907	14842	42944	33973	2721	4894	6137	439	1826	4081	1588	95865	2210	261591	7220	679	14	14117	2894	2059	36763	915	5841	4761	1858	7681	21769	3451	823	54	10265	12606	939	4915	447
20200423	5832	335	5769	2599	39534	11262	23100	3308	3361	29640	20905	979	590	1836	36935	13196	3939	2626	3548	25798	937	15805	46023	35253	2942	5153	6321	442	2190	4208	1670	99989	2379	267932	7608	709	14	14694	3017	2127	38334	1230	6256	4917	1956	8169	22706	3621	825	54	10999	12981	981	5125	453
20200424	6026	337	6045	2810	41368	12255	23921	3442	3528	30525	21575	997	595	1870	39658	13848	4459	2842	3779	26199	965	16693	50969	36628	3185	5434	6625	444	2474	4398	1720	102196	2524	276218	8052	748	14	15169	3120	2177	40298	1276	6699	5070	2040	8618	23650	3782	827	55	11595	13197	1010	5431	473
20200425	6213	337	6280	2909	42590	12967	24582	3576	3699	30831	22225	997	597	1887	41777	14567	5109	3091	3905	26571	990	17844	53348	37302	3446	5718	6826	445	2898	4539	1793	105523	2662	286901	8548	803	14	15587	3193	2253	41626	1307	7129	5253	2147	8918	24494	3950	843	57	12365	13565	1025	5762	477
20200426	6421	339	6526	3001	43691	13440	25269	4034	3841	31520	22459	997	599	1897	43903	15187	5490	3198	4074	26832	1015	18664	54938	38003	3602	5911	6997	448	3126	4638	1864	109038	2728	292914	8830	867	14	15963	3253	2311	42709	1371	7439	5490	2213	9435	25209	4123	851	59	12969	13744	1054	5986	502
20200427	6539	343	6716	3069	45208	13804	25997	4162	3892	32130	23229	1113	600	1917	45883	16137	5868	3407	4146	27111	1023	19574	56462	38457	3816	6094	7171	449	3487	4708	1938	111188	2825	296991	9035	942	14	16325	3280	2354	43728	1388	7708	5613	2246	9739	25963	4236	855	59	13534	13958	1078	6164	520
20200428	6750	349	6948	3127	46570	14239	26312	4575	3994	32838	23607	1114	602	1952	48102	16783	6376	3601	4375	27329	1040	20200	58302	39469	4181	6342	7306	451	3613	4812	2010	113856	2975	300276	9568	991	14	16769	3410	2385	45323	1400	7926	5735	2314	9974	26868	4343	862	62	14338	14165	1096	6389	536
20200429	6925	353	7202	3207	48904	14680	26767	4655	4106	33185	24300	1114	605	1984	50355	17409	6843	3811	4538	27703	1056	20942	60265	40443	4644	6569	7426	451	3876	4934	2054	116264	3213	304994	9947	1033	14	17303	3473	2446	46191	1465	8247	5881	2375	10255	27839	4499	862	66	14961	14490	1110	6621	544
20200430	7068	353	7648	3281	50470	15207	27700	4734	4323	33683	25431	1115	609	2016	52918	18099	7145	4305	4708	28044	1095	21825	62205	41348	5136	6815	7563	452	4332	5053	2146	118652	3411	309696	10507	1067	14	18027	3618	2510	48224	1537	8621	6095	2450	10506	29072	4672	866	66	15846	14814	1126	6973	559
20200501	7294	362	7962	3310	52318	15661	28764	4918	4658	34720	26436	1115	610	2035	56055	18941	7883	4510	4879	28754	1123	23566	64311	42348	5730	7212	7840	452	4838	5249	2310	121190	3513	313575	10922	1107	14	18743	3748	2579	49764	1573	8962	6258	2525	11781	30342	4829	879	66	16901	15134	1152	7439	566
20200502	7611	363	8364	3372	53753	16118	29287	5038	4797	35455	27268	1117	611	2061	58505	19629	8641	4863	4881	29183	1152	24568	66263	43191	6228	7441	8154	454	5332	5390	2429	123717	3732	318134	11514	1153	14	19335	3851	2635	51071	1755	9289	6489	2587	12376	31433	4981	886	66	17731	15383	1185	7785	579
20200503	7888	366	8640	3431	55072	16527	29287	5208	5016	36070	27618	1118	611	2059	61499	20267	9169	5177	5223	29383	1185	25561	68087	43803	6663	7550	8454	454	5686	5473	2518	126744	3850	321833	11668	1191	14	19914	3972	2680	52079	1806	9477	6626	2630	12871	32299	5175	897	66	18671	15943	1196	8089	586
20200504	8112	368	8919	3469	56333	16799	29973	5288	5170	36889	28350	1118	612	2106	63840	20855	9703	5385	5370	29746	1205	26509	69087	43996	7234	7877	8776	456	6123	5627	2588	128269	4030	324357	11871	1225	14	20474	4044	2759	52992	1875	9652	6757	2667	13283	33134	5326	902	66	19492	16047	1225	8362	596
20200505	8437	369	9305	3525	58848	17256	30621	5371	5322	37431	28876	1118	615	2127	65889	21423	10111	5627	5822	30069	1226	27217	70271	44391	7851	8207	8919	456	6442	5665	2636	130593	4137	326659	12283	1266	14	20969	4127	2839	53967	1924	9933	6841	2720	13555	34286	5449	907	66	20256	16234	1243	8696	604
20200506	8691	370	9707	3611	60787	17720	30995	5778	5461	37994	29724	1118	616	2158	68164	22286	10404	5893	5946	30472	1254	28263	72025	45079	8579	8424	9164	456	6771	5744	2741	131890	4290	329405	12783	1323	15	21576	4201	2916	54989	1968	10205	6936	2779	13737	35441	5605	908	66	20254	16873	1277	9052	631
20200507	9046	373	9945	3694	62481	18264	31784	5939	5654	38820	30524	1118	619	2178	70802	22942	11059	6240	6173	30725	1330	29476	73721	45643	9364	8686	9409	456	7190	5858	2843	133635	4492	332931	13431	1371	15	22131	4330	2989	56149	2031	10530	7142	2905	14108	36682	5724	916	68	21568	17187	1298	9369	635
20200508	9385	376	10526	3747	64616	18719	32411	6083	5899	39191	31089	1120	619	2205	73688	23620	11457	6751	6298	30928	1374	30592	75333	46319	10087	9090	9573	458	7830	5942	2947	135454	4673	335804	13879	1425	15	23018	4424	3068	57501	2156	10779	7367	3144	14276	37943	5919	919	69	22340	17477	1324	9750	644
20200509	9668	377	10960	3747	66824	19267	32984	6277	6102	39993	31481	1120	620	2230	76008	24239	11671	6923	6469	31490	1408	31638	76743	46735	10789	9378	9737	458	8233	6046	3011	137085	4778	338519	14387	1464	16	23697	4490	3160	58661	2173	10989	7531	3393	14675	38849	6103	921	69	23194	17629	1348	10099	653
20200510	9889	378	11119	4012	68051	19595	33554	6447	6272	40588	32267	1120	621	2232	77662	24633	11959	7045	6486	31673	1436	32693	77793	47116	11270	9501	9906	458	8328	6120	3071	138532	4863	340657	14783	1491	16	24086	4589	3228	60037	2198	11274	7653	3517	15060	40037	6251	926	69	24079	17781	1363	10379	662
20200511	10164	380	11380	4043	69514	19793	33765	6565	6389	40974	32448	1120	623	2261	79123	25134	12373	7161	6710	31881	1462	33483	78462	47526	11798	9674	10025	459	8575	6152	3160	139945	5069	342267	15069	1518	19	24785	4613	3286	60557	2256	11450	7792	3614	15423	40988	6364	926	69	25068	18172	1370	10581	669
20200512	10464	383	11736	4164	71150	20103	34333	6741	6485	41915	33311	1121	624	2294	83168	25676	12912	7352	7003	32116	1477	34174	79332	47946	12493	9908	10124	461	8732	6311	3239	140743	5212	343705	15402	1571	19	25257	4731	3359	61407	2299	11614	7927	3663	15777	42348	6454	927	69	25798	18382	1379	10781	675
20200513	10700	383	12176	4236	73218	20442	34855	6952	6584	42394	33866	1121	627	2325	84874	26044	13289	7552	7102	32728	1515	34927	80497	48307	12916	10090	10369	462	9072	6482	3299	141560	5364	345828	15850	1647	19	25727	4852	3416	62194	2329	11835	8030	3732	16261	43822	6624	929	69	26744	18492	1405	11071	688
20200514	11101	387	12674	4366	74947	20813	35464	7223	6736	43202	34422	1121	627	2352	88081	26627	13675	7668	7397	33555	1565	36021	82182	49489	13443	10483	10490	462	9411	6604	3382	142704	5503	348192	16593	1712	19	26363	4962	3479	63158	2427	12016	8189	3792	16588	45169	6760	932	69	27810	18861	1435	11449	701
20200515	11373	388	13169	4463	77015	21207	36085	7373	6871	44130	35242	1123	628	2389	90528	27281	14049	8006	7578	33903	1603	37105	83421	49982	14240	10801	10567	466	9766	6733	3464	143905	5662	350951	17190	1761	19	26956	5086	3541	64178	2542	12219	8407	3887	16917	46987	6930	933	69	28669	19131	1448	12037	716
20200516	11674	392	13631	4578	78933	21604	36703	7547	7042	44803	35655	1123	629	2419	92669	27919	14328	8059	7773	34183	1648	38083	84933	50416	14969	11123	10794	468	10220	6810	3556	145089	5847	353136	18009	1848	21	27476	5237	3612	65228	2589	12434	8661	3959	17204	47866	7068	934	69	29679	19336	1470	12551	741
20200517	11771	396	13937	4759	80366	21909	37419	7670	7123	45580	35954	1123	630	2421	94360	28419	14651	8066	7793	34498	1687	38920	86010	51054	15677	11296	11069	468	10348	6935	3596	146334	5938	355037	18537	1900	21	27925	5310	3623	65745	2646	12674	8816	3987	17391	48828	7238	940	69	30383	19514	1492	12754	754
20200518	12086	399	14170	4813	81943	22174	38116	7869	7270	46434	36634	1123	630	2455	96778	28897	14955	8439	8041	34832	1713	39882	87052	51853	16372	11432	11225	470	10625	7059	3652	148039	6096	356278	19121	1931	21	28455	5398	3687	66676	2710	12795	8942	4027	17767	49788	7384	940	69	31132	19756	1502	12912	766
20200519	12376	399	14566	4923	83981	22454	38430	8037	7434	46936	37214	1123	631	2476	98298	29402	15296	8488	8205	35161	1741	41664	87925	52337	17038	11704	11369	471	10846	7169	3721	149013	6192	357757	19762	1994	21	28953	5489	3726	67404	2805	12951	9056	4085	18301	51080	7530	944	69	32129	19988	1514	13200	776
20200520	13052	402	14897	5003	86125	22769	39017	8194	7551	47463	38162	1134	633	2506	100713	29986	15868	8661	8336	35439	1819	42442	88970	52988	17679	11967	11510	478	11119	7301	3868	150399	6338	359235	20221	2095	21	29437	5532	3801	68151	2866	13356	9175	4177	18534	52369	7717	944	69	32888	20110	1567	13779	787
20200521	13414	402	15315	5458	88488	23161	39208	8386	7788	48667	38969	1134	637	2534	102995	30673	16170	8771	8475	36627	1877	43645	90084	53468	18209	12222	11657	479	11423	7404	3935	151472	6472	361313	20934	2229	22	30168	5680	3817	69252	2913	13571	9379	4177	18970	53441	7876	950	69	34116	20280	1603	14172	801
20200522	13670	404	15608	5612	90801	23456	39640	8529	7893	49443	39734	1134	632	2595	105710	31165	16510	9068	8688	37048	1948	44539	90889	53865	19014	12624	11797	479	11661	7531	4014	152719	6625	362991	21661	2317	22	30795	5849	3864	70305	3030	13736	9638	4356	19364	54369	8057	952	69	34925	20526	1705	14768	803
20200523	14149	409	16040	5775	92815	23932	40022	8690	7966	50119	40408	1134	633	2626	108100	31674	16898	9119	8812	37165	2013	45608	91662	54304	19854	13005	11922	479	11988	7769	4089	153104	6795	364745	22731	2365	22	31408	5960	3888	71102	3100	13952	9895	4468	19765	55451	8260	954	69	35725	20740	1729	15196	813
20200524	14478	409	16339	5922	94743	24140	40468	8809	8110	50859	40989	1135	633	2650	110541	32151	17434	9135	8842	37293	2055	46919	92675	54616	20582	13252	12114	479	12133	7886	4149	154154	6943	366346	23231	2418	22	31911	6037	3927	71656	3189	14065	10096	4563	20116	56050	8392	956	69	36220	20989	1771	15573	813
20200525	14986	412	16561	6029	97017	24256	40873	8965	8225	51738	41414	1135	633	2664	112248	32489	17628	9272	8899	37916	2074	47754	93271	54816	21324	13458	12296	479	12354	7959	4197	155092	7026	367625	23997	2457	22	32477	6090	3949	72356	3260	14065	10178	4586	20533	56490	8521	962	69	37703	21265	1782	15857	843
20200526	15650	416	16783	6180	99924	24553	41303	9066	8334	52247	42066	1139	633	2699	113486	32856	17999	9352	9175	38252	2109	48290	93693	55040	21969	13731	12437	479	12618	8059	4231	155764	7130	368669	24188	2422	22	33006	6137	3968	72873	3324	14210	10416	4653	20960	57573	8622	967	69	39315	21538	1854	16141	850
20200527	16032	417	17262	6277	101873	24775	41288	9096	8406	52626	42713	1140	634	2731	114612	33242	18446	9453	9313	38694	2137	49042	94220	55544	22474	14044	12624	481	12975	8150	4286	156628	7252	369801	24787	2442	22	33439	6229	4041	73646	3397	14353	10623	4710	21360	59105	8710	971	69	40220	21825	1899	16786	860
20200528	16530	430	17763	6538	104071	25116	41559	9171	8492	53277	43363	1141	637	2770	116128	33885	18672	9513	9510	38907	2189	50334	94895	55944	22957	14372	12815	485	13260	8247	4389	157815	7364	371559	25616	2484	22	33915	6270	4087	74312	3486	14494	10788	4793	21763	60820	8953	974	69	41370	22091	1935	17476	876
20200529	17031	436	18465	6777	107043	25602	41762	9236	8538	54489	43888	1141	639	2804	117794	34399	19019	9826	9688	38907	2226	51631	95512	56589	23541	14790	12949	493	13654	8375	4492	158844	7493	373108	26735	2523	22	34566	6338	4133	75073	3647	14635	11131	4866	22199	62073	9282	975	69	42502	22377	1972	18050	891
20200530	17359	441	19255	7013	110100	26084	42022	9422	8717	55416	44336	1141	641	2840	119290	35064	19336	9847	9887	39682	2282	52662	96301	56848	24200	15229	13118	505	13905	8519	4545	159608	7624	374471	27761	2557	22	35034	6418	4185	75789	3718	14819	11394	4960	22676	63396	9551	977	70	43580	22618	1989	18515	898
20200531	17952	469	19936	7253	113114	26364	42201	9498	8801	56155	45051	1144	642	2855	120588	35429	19621	9878	9937	40021	2325	53456	96965	57355	24860	15501	13297	515	14101	8628	4651	160445	7689	375575	28686	2580	22	35513	6506	4243	76218	3776	14928	11861	4993	22832	64974	9829	981	70	44576	22814	2010	18684	903
20200601	18534	476	20123	7443	115643	26563	42740	9605	8857	56822	45757	1144	642	2908	121666	35684	19789	10103	10150	40452	2349	54035	100805	58435	25218	15752	13523	519	14345	8701	4685	160918	7800	376520	29368	2628	22	35984	6573	4303	76734	3873	14991	12148	5034	23242	66081	10026	983	70	45366	23272	2028	18825	910
20200602	18771	497	21250	7818	118081	26774	42979	9685	8886	57439	46063	1146	643	2935	123244	36129	20017	10143	10287	40857	2377	54831	101163	58680	25518	16020	13822	523	14611	8858	4749	161545	8024	377881	30052	2649	23	36350	6692	4338	77315	3935	15112	12415	5066	24498	67966	10237	988	70	46202	23608	2056	19223	912
20200603	18851	516	22245	8067	120407	27046	43091	9712	9016	58756	46711	1146	643	2990	124279	36609	20376	10281	10485	41244	2418	55617	101592	58990	25881	16322	14020	525	14866	8950	4795	162068	8140	378924	31013	2682	24	36792	6805	4399	77871	4023	15219	12651	5161	25024	69546	10558	990	71	46867	23776	2077	19896	915
20200604	19072	542	22818	8425	122917	27346	43239	9746	9120	60175	47528	1148	644	3054	125149	37005	20943	10332	10781	41673	2446	56490	102063	59215	26284	16560	14286	537	15117	9118	4876	162530	8353	379977	32276	2709	26	37282	6907	4475	78428	4508	15325	13005	5247	25374	71330	10858	1026	71	47817	23999	2102	20359	921
20200605	19387	565	24369	8651	126510	27601	43460	9773	9199	61480	48280	1148	653	3111	126317	37499	21332	10493	11051	42100	2482	57407	102557	63744	26991	16769	14515	539	15379	9306	4953	163336	8672	381019	33417	2748	26	37758	7004	4585	78908	4620	15441	13453	5277	25799	73323	11344	1027	71	48491	24546	2119	20723	933
20200606	20043	579	25517	9101	129147	27834	43818	9845	9269	62750	48943	1148	661	3139	127251	37928	21527	10517	11359	42597	2524	58099	103132	64196	27512	17034	14659	540	15543	9494	5019	163893	8800	382102	34809	2819	26	38111	7060	4672	79507	4915	15441	13916	5367	26359	75077	11866	1046	71	49350	24767	2136	20997	939
20200607	20500	588	26924	9426	131997	27987	43968	9942	9332	63930	49371	1148	663	3153	128070	38328	21794	10549	11393	42927	2570	58593	103436	64615	27897	17270	14985	545	15634	9673	5043	164164	8940	382879	35663	2864	27	38476	7151	4809	80001	4985	15441	14286	5438	26811	75948	12084	1063	71	50633	25064	2144	21246	947
20200608	20925	607	27761	9740	134287	28169	44092	9972	9389	64896	49995	1149	664	3197	129543	38553	22111	10724	11701	43163	2588	59024	103626	64911	28235	17768	15159	548	15752	9815	5079	164497	9062	383591	36581	2883	28	38837	7206	4927	80432	5046	15642	14800	5471	27217	77326	12378	1075	71	51201	25593	2161	21463	960
20200609	21422	620	28396	10080	137245	28333	44179	10020	9474	65992	50769	1149	670	3226	130321	38985	22271	10786	11891	43725	2606	59543	103889	65190	28534	18109	15396	554	15888	10046	5132	164796	9105	384281	37393	2904	30	39162	7364	5027	80964	5185	15691	15228	5523	27865	79271	12639	1084	72	51688	25796	2179	21738	970
20200610	21989	642	29981	10368	140139	28484	44347	10056	9537	67363	51465	1149	673	3262	130889	39297	22733	10931	12029	44143	2637	60114	104156	65377	28900	18483	15662	561	16025	10216	5178	165346	9250	384945	38305	2944	30	39575	7480	5099	81410	5329	15756	15759	5604	28379	81771	12982	1095	72	52125	25940	2193	24091	980
20200611	22845	666	31525	10816	143709	28632	44461	10106	9589	69061	52332	1152	680	3303	131731	39714	23103	10984	12128	44585	2667	60823	104667	65627	29347	18483	15924	563	16315	10464	5209	165816	9368	385669	39735	2983	30	40004	7626	5252	81944	5352	15862	16441	5665	28766	83772	13366	1110	72	52594	26172	2217	24411	1009
20200612	23710	688	33167	11547	147285	28807	44689	10173	9654	70963	53201	1153	694	3354	132489	40114	23455	11152	12352	45108	2721	61262	105059	65881	29826	19091	16111	573	16513	10704	5251	166164	9526	386490	41467	3019	30	40424	7848	5388	82578	5536	15947	17170	5742	29218	86031	13681	1119	72	53157	26576	2249	24733	1027
20200613	24601	722	34773	12095	150434	29002	44994	10229	9709	73544	54178	1154	711	3399	133117	40535	23792	11195	12605	46396	2757	61935	105395	66024	30203	19348	16327	588	16634	10992	5299	166605	9621	387402	42911	3061	30	40848	8073	5543	82988	5690	15947	17955	5833	29616	88120	14061	1125	72	53815	26920	2274	25026	1050
20200614	25615	734	35953	12501	152953	29115	45088	10264	9767	75560	54874	1154	716	3413	133719	40901	23959	11247	12652	46732	2793	62328	105603	66246	30502	19516	16384	601	16735	11199	5318	166881	9723	388096	44199	3083	30	41148	8231	5644	83301	5811	15947	18796	5898	30174	89542	14313	1127	73	54452	27135	2290	25307	1060
20200615	26272	738	37005	12917	155662	29284	45235	10340	9799	77318	55505	1155	724	3472	134247	41422	24110	11516	12863	47284	2810	62653	105690	66302	30724	19799	16712	609	16860	11316	5345	167103	9845	388719	45257	3104	30	41576	8417	5831	83687	5890	16093	19381	5928	30945	91726	14757	1130	73	54832	27577	2322	25530	1079
20200616	26912	751	39298	13191	159131	29427	45349	10403	9818	80101	56302	1155	728	3543	134866	41780	24263	11569	12899	47818	2819	63004	105885	66466	30913	20152	16930	614	17031	11673	5364	167426	9933	389349	46105	3127	30	42010	8645	6111	84077	5951	16164	19995	5966	31623	95973	15077	1130	73	55275	27949	2341	25829	1089
20200617	27312	776	41159	13606	163381	29658	45429	10444	9847	82711	57217	1157	732	3634	135416	42036	24616	11801	13190	48746	2836	63565	106151	66694	31328	20641	17151	630	17226	11852	5436	167703	10065	389910	47142	3170	30	42422	8903	6235	84387	6003	16213	20556	6050	32112	99466	15464	1130	73	55717	28270	2376	26167	1114
20200618	28206	795	43731	13928	167135	29886	45440	10499	9903	85918	58040	1162	750	3744	136081	42480	24959	11886	13391	49506	2878	63839	106422	66980	31707	21022	17488	655	17415	12164	5450	168107	10153	390536	48426	3199	30	43122	9354	6390	84780	6111	16269	21548	6109	32604	102677	16015	1135	74	56180	28663	2418	26611	1144
20200619	29002	821	46914	14631	170843	30172	45557	10611	9952	89740	59117	1169	777	3871	136917	42801	25424	12168	13629	48627	2913	64150	106650	67300	32063	21022	17780	666	17591	12525	5486	168496	10260	391330	50014	3232	30	43731	9706	6592	85288	6195	16337	22631	6158	33603	107322	16585	1144	74	56734	29045	2468	26913	1173
20200620	29549	845	50198	15142	174854	30334	45715	10681	9984	93789	60669	1191	791	4006	137535	43135	25552	12218	13800	49497	2938	64565	106936	67721	32499	21022	18155	698	17707	12977	5518	168834	10430	392037	51640	3257	30	44262	10037	6682	85678	6463	16337	23786	6225	34223	111594	17173	1147	76	57384	29466	2500	27314	1179
20200621	30021	859	52666	15561	178807	30524	45755	10775	10020	97283	61493	1191	802	4025	138154	43496	26020	12258	13919	49890	2957	64903	107061	67873	32952	21022	18552	717	17810	13236	5544	169142	10565	392702	52854	3294	30	44808	10515	6945	86024	6525	16337	24693	6297	34719	114886	17567	1159	76	57935	29797	2543	27598	1197
20200622	30454	869	54767	16083	184620	30689	45782	10820	10058	100209	62705	1191	804	4267	138615	43709	26217	12576	14073	50352	2971	65202	107210	68144	33259	22287	18733	734	17957	13575	5558	169415	10694	393257	53840	3319	30	45537	10733	7115	86666	6564	16459	25701	6326	35255	119646	18035	1163	76	58405	30443	2571	27849	1230
20200623	31097	905	58397	16678	191039	30877	45899	10847	10094	103495	64577	1194	807	4412	139282	43967	26470	12659	14323	51708	2994	65602	107439	68373	33501	22898	19148	743	18091	14058	5571	169734	10838	393855	54826	3326	30	46127	11028	7317	87283	6685	16533	26613	6353	36018	124726	18454	1164	78	58933	30778	2593	28187	1254
20200624	32064	926	60207	17375	195889	31139	45913	10889	10128	109006	66290	1200	821	4650	140025	44260	26897	13110	14522	52590	3017	65934	107611	68711	33798	23424	19478	766	18220	14460	5598	169892	10990	394430	56263	3370	30	46759	11509	7462	87775	6820	16606	27897	6419	36822	131310	18915	1184	80	59444	31400	2629	28652	1282
20200625	33206	971	63297	18062	201413	31463	45994	10980	10159	114010	67796	1214	836	4869	140935	44779	27384	13207	14793	53528	3070	66397	107837	69159	34158	24516	20076	803	18346	14911	5638	172050	11192	395168	57540	3402	30	47651	11947	7605	88230	6877	16640	29022	6479	37695	136783	19544	1191	81	59876	31998	2693	29204	1326
20200626	34183	1001	66676	18740	207027	31780	46059	11017	10185	122952	69542	1217	850	5149	141812	45269	27828	13729	15033	54882	3102	66704	108070	69473	34651	25066	20567	829	18524	15359	5671	172438	11408	395972	59257	3430	30	48638	12343	8008	88950	6922	16661	30335	6535	38802	142582	20218	1198	81	60500	32489	2729	29718	1368
20200627	35083	1027	70152	19310	211453	32006	46206	11091	10216	132537	71066	1217	856	5319	142536	45707	28203	13767	15337	54882	3154	67032	108443	69802	35068	25531	20909	852	18775	16400	5717	172727	11619	396669	60709	3467	30	49455	12642	8110	89400	7066	16661	31939	6626	39813	148639	20735	1200	81	61177	33031	2781	30235	1392
20200628	35441	1060	73961	19818	216955	32290	46303	11226	10248	141067	72800	1217	883	5543	143117	46071	28520	14016	15480	56349	3191	67360	108667	70042	35584	25899	21254	863	18900	17187	5747	173036	11809	397293	62178	3504	30	50309	12944	8348	89785	7189	16661	33320	6681	39945	152866	21155	1202	81	61664	33341	2831	30716	1417
20200629	37175	1085	74602	20257	223995	32495	46362	11376	10292	146333	74816	1224	884	5770	143885	46370	28874	14568	15657	57189	3219	67837	108768	70356	35896	26568	21748	919	19064	17971	5760	173126	11982	397684	63692	3548	30	51046	13172	8509	90553	7250	16764	34644	6716	41388	158756	21818	1208	84	62115	34036	2869	31103	1450
20200630	38045	1132	79399	20777	232153	32698	46514	11474	10327	152426	77280	1228	901	6124	144661	46740	29152	14629	15916	58203	3253	68152	108882	70850	36338	27248	22275	967	19194	18582	5782	173521	12147	398142	65064	3585	30	51789	13757	8695	91226	7465	16813	36399	6764	42815	166703	22364	1208	90	62709	34541	2904	31723	1487
20200701	38962	1174	84152	21197	239764	33012	46572	11510	10365	158989	79589	1240	909	6379	145541	47116	29618	15142	16114	60286	3294	68502	109143	71279	36753	27900	22595	1016	19325	19151	5802	173782	12276	398770	66815	3624	30	52865	14112	9019	91864	7537	16853	37919	6826	44360	174826	22864	1210	92	63125	35258	2979	32307	1514
20200702	40111	1224	87495	22075	248198	33335	46646	11731	10390	169098	82475	1249	929	6688	146407	47553	30259	15226	16370	61669	3328	69015	109338	71853	37247	28770	23085	1083	19476	19871	5822	174212	12520	399642	68512	3666	30	54166	14539	9344	92703	7608	16941	39701	6893	46176	182260	23466	1227	98	63655	35921	3053	32876	1550
20200703	41865	1284	91894	22622	256298	33607	46717	11923	10435	178586	85079	1255	957	7034	147293	48099	30631	16015	16655	63397	3373	69422	109628	72306	37661	29684	23620	1128	19660	20878	5857	174598	12776	400561	70451	3731	31	55257	15065	9643	93418	7683	16991	41532	6978	47882	190049	24070	1236	111	64312	36417	3126	33565	1582
20200704	42862	1339	94616	23209	265176	33900	46717	11996	10447	190044	87592	1257	981	7431	148151	48628	31167	16165	16709	63397	3397	69724	109838	72702	37661	30674	24061	1167	19826	21671	5871	174889	13063	401286	71735	3788	31	56183	15645	9937	93922	7787	16991	43386	7028	49232	195707	24717	1238	112	65027	36799	3205	34243	1606
20200705	43953	1371	98126	23814	271587	34100	46717	12128	10482	200103	89489	1257	1005	7799	148730	49203	31612	16289	16712	65334	3415	69957	109974	73027	38173	30900	24334	1212	19937	22518	5897	175258	13256	401822	73096	3825	31	57151	15928	10237	94403	7916	16991	44847	7063	50365	200137	25005	1249	112	65662	37468	3335	34750	1634
20200706	44878	1401	101542	24253	277869	34316	46976	12293	10515	206439	91015	1270	1012	8222	149428	49560	31764	17082	17464	66435	3423	70497	110137	73403	38606	31257	24850	1249	20052	22930	5914	175467	13507	402338	74933	3858	31	57956	16362	10413	95187	8585	16991	46380	7105	51509	209350	25653	1251	116	66015	38517	3442	35318	1675
20200707	45785	1423	105159	24512	287766	34717	47033	12414	10569	213786	93707	1272	1053	8582	150110	49859	32153	17157	17820	68371	3440	70986	110338	74011	39170	32214	25566	1327	20205	23848	5932	175734	13727	402928	76188	3903	31	58904	17220	10654	95986	8714	17154	47352	7163	52643	219164	26203	1254	122	66642	39063	3505	35834	1711
20200708	46962	1472	108710	25246	296304	35185	47108	12462	10642	223775	96538	1276	1076	9004	151055	50309	32716	17807	18204	70259	3460	71455	110602	74660	39627	32888	26343	1371	20437	24378	5952	175986	14017	403619	77661	3975	31	60181	17893	10872	96817	8745	17204	48909	7242	54756	229116	26921	1256	144	67274	39661	3707	36526	1740
20200709	49174	1521	112783	26052	303516	35604	47209	12531	10679	232710	98693	1278	1112	9598	152188	50829	33316	18031	18576	72102	3486	72037	110897	75247	40201	33591	27301	1466	20658	25055	5973	176217	14251	404207	79564	4074	31	61331	18496	11247	97634	8862	17243	50691	7336	56531	240025	27632	1272	153	67884	40369	3826	37358	1774
20200710	50508	1579	116947	26803	311505	36210	47287	12652	10743	244143	103597	1279	1139	10073	153406	51567	34232	18799	19076	74744	3499	72503	111110	75871	40805	34622	28060	1593	20834	25961	5991	176575	14549	404997	81737	4158	31	62856	19092	11501	98574	9137	17312	52419	7401	58224	249948	28452	1277	167	68824	41090	3983	38414	1790
20200711	51947	1656	119991	27864	320030	36633	47287	12743	10801	254503	106574	1281	1181	10584	154530	52358	34695	18983	19530	76911	3520	73060	111398	76499	41609	35419	28649	1677	21035	26912	6024	176906	14773	405724	83996	4247	33	64214	19779	11851	99252	9366	17312	54699	7454	59981	258280	29071	1283	181	69670	41326	4146	39095	1839
20200712	53587	1772	122479	28367	327676	36933	47287	12804	10847	269803	108389	1281	1201	10971	155355	52892	35410	19295	19762	78230	3539	73705	111597	76936	42319	36287	29173	1758	21214	27745	6054	177245	15028	406403	85831	4338	33	65592	20235	12170	99794	9654	17312	56648	7499	61106	264811	29552	1296	206	70558	42181	4244	39901	1862
20200713	55545	1843	123917	28939	336206	37303	47510	12879	10906	282427	111937	1281	1222	11531	156288	53327	35631	20265	20127	79935	3558	74124	111827	77354	42810	36680	29781	1908	21444	28597	6068	177469	15291	406962	87653	4446	33	66853	20745	12511	100378	10010	17487	58168	7524	63615	273732	30282	1301	217	71530	43538	4313	40603	1903
20200714	57255	1897	128126	29733	346593	37761	47530	12969	10946	291621	114579	1281	1243	11962	157055	54001	35942	20347	20702	82150	3566	74836	112130	78045	43208	37542	30817	2038	21717	29669	6091	177862	15514	407875	89767	4497	36	67995	21738	12834	101360	10123	17588	60389	7572	65412	284638	30774	1305	243	72326	44257	4407	41516	1951
20200715	59067	1958	131411	30297	355497	38240	47636	13050	11026	301802	118147	1282	1271	12599	158451	54698	36536	21157	21148	84241	3578	75576	112347	79081	43782	38567	31737	2149	21979	30587	6113	178252	15841	408709	91573	4569	36	69311	22813	13129	102361	10379	17640	62245	7652	67515	296478	31228	1318	249	73404	45004	4557	42409	1985
20200716	61088	2034	134730	31114	364761	38817	47750	13114	11076	315767	120848	1283	1290	13261	159676	55413	37414	21273	21617	86521	3598	76237	112581	79977	44387	39797	32596	2265	22178	32024	6139	178475	16138	409476	93657	4672	37	70601	23441	13541	103169	10574	17711	64083	7694	69827	311516	31908	1325	263	74303	46268	4657	43361	2026
20200717	63091	2083	138575	31762	374922	39409	47893	13337	11115	327233	124267	1283	1312	13879	161042	56160	37903	22199	22162	88700	3636	76941	112879	80752	45053	40829	33536	2383	22361	33372	6165	178525	16456	410254	95633	4796	37	72280	24140	13842	104172	11120	17793	66060	7789	72072	321254	32572	1334	283	75304	47226	4783	44243	2069
20200718	65234	2157	141333	32533	383194	39811	47893	13429	11194	337561	128341	1284	1332	14433	162299	57045	38314	22238	22750	88700	3646	77773	113238	81384	45510	41846	34363	2471	22545	34606	6188	178788	16736	411006	98067	4911	37	73822	25056	14231	104780	11453	17793	67612	7862	74518	330059	33430	1338	297	76241	47889	4922	45118	2108
20200719	67011	2275	143644	33228	391460	40182	47893	13519	11261	350039	130794	1284	1359	14960	163284	57965	38813	22459	23600	91816	3687	78698	113534	81935	46244	42638	35154	2533	22637	35826	6203	178757	16971	411515	99841	5023	37	74932	25265	14586	105384	12063	17793	69986	7906	76180	338036	34117	1350	297	77298	48601	5042	45953	2126
20200720	68891	2412	145320	33927	400195	40649	48055	13624	11339	360386	132788	1288	1371	15380	164552	58607	39343	23544	23978	95002	3711	79251	113789	82486	47147	43889	36044	2640	22847	36805	6249	178937	17215	412034	101176	5130	37	76168	25433	14907	106498	12461	17904	71445	7943	77944	345672	34526	1360	308	78243	49949	5142	46754	2187
20200721	70358	2523	148730	34655	410366	41152	48096	13746	11427	369826	135865	1296	1396	15899	165534	59344	39721	23606	24638	96693	3723	80111	114033	83184	47497	45524	37248	2741	23190	37605	6262	179230	17517	412889	103047	5211	38	77215	26326	15257	107460	12940	17986	73337	8019	80026	355594	35089	1366	308	79228	50746	5199	47893	2238
20200722	71813	2617	150659	35246	422528	41747	48223	13792	11529	379611	139120	1299	1413	16395	167142	60126	40208	24376	25169	99466	3723	80738	114320	83891	48001	47071	38454	2840	23486	38759	6295	179565	17828	413595	105138	5371	38	78742	27301	15436	108267	13038	18062	75042	8077	82172	366561	35677	1366	336	80248	51442	5461	48777	2288
20200723	74212	2682	153029	36259	433175	42409	48232	13924	11571	389860	143857	1301	1468	16862	168766	61079	40796	24518	25828	101762	3737	81396	114647	84585	48761	48053	39923	2924	23818	40088	6318	179807	18163	414405	107050	5497	38	80186	27969	15765	109153	13473	18148	76606	8143	84652	376104	36178	1377	342	81090	52255	5550	49751	2347
20200724	76005	2746	156392	37249	443096	43098	48776	14202	11649	402304	147732	1306	1526	17411	170376	62081	41434	25403	26628	103846	3757	82326	114985	85238	49528	49663	41224	3113	24174	41013	6375	180265	18475	415163	109206	5618	38	81746	29116	16172	110342	13967	18224	78607	8200	86667	383662	37063	1385	352	82215	53279	5695	50895	2405
20200725	78130	2866	160055	37981	453327	43847	48776	14175	11717	414503	151262	1306	1597	17920	171669	63030	41886	25464	27395	103846	3790	83617	115268	85665	50331	51097	42310	3260	24412	41993	6415	180778	18788	415911	111282	5740	40	83184	30081	16492	111121	14540	18224	80008	8305	88459	391609	37623	1396	352	83460	53884	5821	51735	2446
20200726	79294	3100	162041	38623	459338	44364	48776	14290	11780	423847	153476	1306	1660	18262	173079	63881	42357	25649	27682	107686	3814	84306	115637	86750	51193	52304	43477	3342	24618	42919	6436	181283	19053	416443	112802	5880	40	84073	31285	16764	111773	15143	18224	81199	8395	91330	395738	37973	1400	361	84418	54422	5960	52685	2475
20200727	81115	3204	163918	39447	467103	44723	48983	14406	11858	432739	155907	1315	1688	18836	174442	64417	42696	26439	28250	110029	3832	85436	115926	87329	51843	52957	44813	3406	24899	43880	6441	181732	19502	417056	114612	5990	40	85177	32529	17122	112995	15431	18515	82417	8444	93869	402295	38439	1402	375	85923	55548	6054	53323	2520
20200728	82366	3348	165994	40181	474951	45420	49077	14476	11945	441969	160038	1318	1734	19318	175588	65258	42928	26494	28876	111150	3838	86091	116182	88025	52321	54299	46225	3491	25140	44991	6500	182215	19791	417591	116300	6145	40	86497	33757	17419	114129	15840	18725	84109	8492	96318	412849	38877	1405	375	86839	56576	6173	54114	2589
20200729	83782	3440	168361	40968	486039	45885	49540	14602	11999	451415	163547	1320	1842	19810	176967	65918	43623	27177	29479	112887	3866	86846	116684	89026	52987	55804	47683	3695	25448	45937	6513	182475	20136	418302	118027	6231	40	87893	34605	17805	114984	16061	18800	85846	8641	98145	421891	39339	1406	385	87837	57300	6326	55119	2628
20200730	85762	3557	170905	41759	494269	46338	49670	14689	12057	461371	167545	1323	1966	20378	178832	66883	44285	27244	30132	114595	3888	87740	117098	89926	53732	57579	49671	3829	25766	47034	6544	182845	20388	419081	120391	6305	42	89626	35710	18166	115853	16572	18950	87572	8685	100166	432134	39714	1407	385	88745	58100	6422	56111	2686
20200731	87723	3675	174108	42511	502273	46948	49810	14788	12126	470378	171342	1325	2088	20853	180701	67800	44753	28121	30981	116394	3912	88907	117612	90752	54503	58747	51045	3977	26211	48142	6583	183535	20600	419723	122370	6473	42	91159	36456	18510	116787	16781	19022	89016	8764	103144	443090	40258	1414	406	89729	58726	6642	57020	2726
20200801	89349	3825	177019	43173	509507	47357	49810	14877	12205	480020	174834	1328	2174	21231	182232	68773	45293	28147	31612	116394	3937	89925	118040	91450	55228	59881	51985	4081	26391	49207	6613	183904	20796	420477	124015	6606	44	92087	37706	18817	117468	17872	19022	90599	8867	105455	448224	40754	1421	421	90633	59649	6735	58064	2769
20200802	91444	3982	178473	43810	515937	47799	49810	14949	12274	487124	177556	1328	2219	21465	183714	69531	45723	28341	31966	119861	3958	90835	118458	91857	55987	60553	52550	4193	26702	50270	6634	184225	21016	421008	125281	6664	45	93031	38201	19097	118038	18411	19022	91788	8955	106804	454759	41175	1426	421	91613	60161	6854	58990	2808
20200803	92661	4062	179506	44597	522235	48119	50062	15055	12313	491876	179510	1337	2425	21838	185238	70111	45905	29200	32500	120960	3970	91705	118657	92503	56600	61125	53650	4249	26956	51236	6660	184489	21130	421550	126748	6789	46	93963	38586	19395	118937	18791	19246	92951	9020	107900	463541	41571	1427	439	92935	61012	6973	59471	2848
20200804	93702	4123	180537	45381	527258	48492	50110	15137	12398	497322	182462	1344	2568	22357	186598	70944	46231	29259	33209	124575	3975	92416	119203	93293	57202	62199	54854	4360	27178	52256	6693	184845	21340	422296	128236	6937	46	95106	39452	19700	119765	19324	19390	94190	9079	109652	473105	42018	1431	463	94078	61829	7051	60263	2884
20200805	94654	4181	182230	46293	532776	49143	50225	15296	12443	502731	186395	1358	2740	22854	188474	71685	46836	30047	33823	126061	3992	93000	119643	94045	57820	63444	55919	4481	27489	52919	6719	185180	21566	422935	129454	7061	46	96305	40555	19979	120492	19651	19481	95472	9168	111305	482467	42478	1436	501	94870	62390	7159	61247	2923
20200806	96592	4221	183744	47028	541013	49633	50245	15365	12518	510381	189300	1366	2891	23510	190465	72741	47559	30153	34435	127364	3997	93598	119874	94819	58681	64400	57145	4621	27821	53705	6742	185554	21773	423629	131478	7181	47	97471	41395	20250	121294	19934	19611	96797	9273	113519	490102	43032	1445	522	95867	63057	7277	62139	2958
20200807	98301	4286	185104	48039	548142	50081	50320	15445	12589	518067	193276	1380	3092	24073	192482	73986	47920	30966	35147	128864	4014	94395	120291	95632	59226	65436	58284	4771	28104	54633	6779	185914	21965	424349	133033	7331	47	98675	42234	20658	122078	20686	19738	98219	9371	115940	498266	43530	1448	528	97882	63976	7433	63256	3000
20200808	100173	4371	186226	48811	556158	50491	50320	15502	12653	526569	197308	1381	3323	24593	194531	75025	48311	30992	35986	128864	4026	95157	120711	96328	60142	66646	58673	4889	28245	55481	6818	186282	22115	425055	134915	7512	48	99969	43070	21011	122666	21424	19738	99460	9477	117725	504605	43821	1454	528	99189	64347	7563	64231	3013
20200809	101334	4471	187086	49383	563244	50799	50320	15575	12753	532798	200147	1381	3475	24797	195897	76071	48919	31145	36316	131517	4042	96065	121040	96835	60939	67173	59866	4952	28432	56278	6831	186626	22315	425568	136250	7600	48	100848	43561	21272	123312	22121	19738	100435	9605	119788	510392	44130	1459	547	100086	65249	7694	64835	3050
20200810	103020	4537	187634	50028	574267	51104	50567	15634	12807	536953	202276	1387	3615	25267	197326	76734	49164	32094	36739	132079	4049	96821	121315	97472	61557	67649	60845	5032	28696	57022	6840	186884	22444	426046	137006	7717	49	101731	43962	21488	124269	22821	19934	101159	9663	120967	517182	44487	1462	576	100749	66226	7754	65427	3042
20200811	103851	4587	188780	50411	586078	51487	50684	15699	12896	542784	205920	1403	3733	25767	198919	77625	49521	32181	37437	133243	4050	97403	121707	98361	61880	68293	61900	5125	29030	57608	6861	187328	22643	426713	138074	7889	49	102826	44725	21782	125061	23403	20053	102130	9713	122003	524898	44836	1472	639	101745	66620	7875	66146	3073
20200812	104786	4653	189522	51114	595097	51847	50706	15765	12959	550893	209683	1418	3935	26280	200648	78337	49973	32977	38546	134427	4070	97959	122000	98825	62349	69374	63328	5292	29244	58132	6887	187777	22816	427419	139413	7974	49	104248	45392	22029	125965	24074	20129	102974	9815	123489	531825	45181	1478	639	102521	67171	8008	66705	3086
20200813	105557	4748	190850	51766	603212	52242	50782	15967	13024	557129	212009	1446	4289	26814	202577	79404	50678	33087	39306	135562	4089	98728	122423	99963	63039	69986	64885	5430	29660	58812	6921	188433	22987	428155	141006	8175	49	105426	46101	22315	126950	24446	20240	103909	9897	125487	538805	45537	1484	704	103622	68096	8151	67781	3119
20200814	106309	4867	191810	52392	613243	52587	50897	16340	13118	563277	215328	1471	4520	27312	204827	80507	51272	34246	40012	136860	4115	99430	122728	100813	63769	70930	66257	5564	29988	59800	6964	189003	23160	428879	142544	8326	50	106557	46893	22614	127774	25128	20335	104841	10024	127465	547670	46048	1501	734	104838	68582	8274	68761	3183
20200815	107580	4952	192670	51992	621981	52868	50897	16396	13159	569629	218344	1471	4802	27620	206505	81561	52065	34294	40677	136860	4144	100237	123199	101831	64459	71755	67400	5663	30241	60648	6980	189281	23302	429617	143956	8448	50	107674	47798	23018	128531	25695	20335	105882	10118	128771	555343	46413	1509	734	105750	69137	8457	69560	3227
20200816	108433	5058	193554	52665	628508	53188	50897	16451	13220	573408	220165	1471	5019	27794	208068	82304	52447	34495	40883	138041	4168	100772	123593	102323	65198	72136	68457	5751	30372	61374	6988	189294	23408	430226	145111	8591	50	108287	48342	23262	129075	26006	20335	106497	10274	130620	563464	46652	1515	741	106687	69895	8564	70246	3286
20200817	109004	5108	194027	53077	634991	53391	51267	16536	13273	576086	221841	1527	5192	28113	209942	82909	52829	35544	41610	138608	4197	101276	123841	102872	65762	72412	69836	5810	30563	62022	7004	189606	23500	430636	145942	8651	53	109062	48711	23461	129686	26760	20572	106953	10360	131742	569058	46936	1527	760	107421	70510	8632	70796	3331
20200818	110361	5175	194931	53487	640499	53674	51255	16593	13325	579924	224681	1546	5326	28486	211806	83799	53201	35632	42270	139248	4213	101780	124063	103527	66107	73207	70700	5867	30825	62752	7017	189937	23579	431298	147141	8786	54	109923	49326	23685	130286	27713	20692	107672	10443	132796	577220	47285	1530	796	108282	71033	8731	71517	3360
20200819	111478	5245	195568	54216	646742	53943	51314	16643	13354	584039	227255	1568	5586	28829	213888	84308	53541	36333	42958	140044	4234	102215	124415	104235	66664	74555	71744	5976	31040	63127	7036	190256	23749	431924	148491	8972	54	110881	49923	23887	130950	27934	20795	108411	10566	134810	582623	47647	1533	828	109019	71595	8801	72204	3430
20200820	112449	5330	196305	54765	653401	54285	51432	16718	13409	588594	230288	1673	5821	29252	215889	85257	54533	36445	43700	140962	4252	102783	124728	104771	67354	75449	72850	6095	31348	63699	7050	190356	23951	432523	150422	9246	54	112003	50669	24176	131736	28143	20871	109320	10691	136260	587900	48103	1537	869	109882	72285	8982	73067	3468
20200821	113632	5401	196925	55652	659991	54658	51519	16770	13469	593278	233169	1736	6049	29510	218111	86312	55331	37411	44432	141861	4285	103461	125216	104829	68179	76323	74157	6239	31626	64573	7071	190646	24095	433230	152344	9478	54	113046	51746	24435	132461	28846	21022	110378	10884	137932	593405	48616	1541	960	110860	72788	9066	73895	3524
20200822	114532	5492	197909	56199	665325	54939	51519	16828	13534	597589	235783	1736	6333	29808	220459	87325	55996	37544	45225	141861	4317	104040	125360	106141	68913	77268	75409	6392	31780	65150	7092	191175	24302	433881	153966	9740	54	114165	52599	24711	133160	29577	21022	111295	11135	139366	599156	48950	1553	960	112072	73354	9185	74740	3543
20200823	115060	5556	198117	56574	669944	55441	51519	16895	13590	600563	237402	1736	6577	29973	222292	87942	56441	37726	45401	143084	4335	104618	125360	106875	69630	77894	76287	6444	31889	65678	7107	191323	24396	434462	155390	9880	54	114802	53165	24938	133679	29896	21022	111988	11276	141000	602144	49125	1557	984	112966	73746	9272	75205	3579
20200824	116710	5626	198421	56894	676236	55700	52011	16942	13639	602821	239612	1876	6746	30260	224056	89602	56941	39008	46057	143707	4356	105168	126022	107816	70344	78405	77177	6510	32047	66073	7134	191548	24469	434866	156927	10004	54	115651	53522	25174	134246	30618	21302	112551	11425	141675	607621	49451	1566	998	113630	74293	9312	75755	3603
20200825	117242	5621	199293	57374	682320	56176	52040	16962	13684	605494	241865	1953	6961	30648	225812	90460	57606	39089	46798	144257	4368	105554	126420	108742	70753	79206	78154	6649	32379	66515	7150	191850	24535	435495	158185	10233	54	116495	54172	25408	134803	30720	21372	113488	11559	142501	613707	49870	1572	1030	114635	74635	9395	76453	3634
20200826	119254	5671	199495	58023	687612	56346	52220	16986	13722	608714	244494	2089	7236	30968	227872	91403	58864	40564	47542	145123	4389	105996	126756	109645	71285	80110	79494	6807	32727	66732	7159	192086	24732	436063	159708	10471	54	117584	54838	25575	135323	30744	21454	114093	11851	144400	619836	50298	1577	1030	115458	75208	9540	77220	3684
20200827	121023	5752	200172	58745	692962	56706	52350	16976	13794	611983	247017	2201	7542	31326	229598	92566	61484	40702	48322	145800	4414	106558	127124	110491	72439	80695	80813	6960	33101	67324	7194	192393	24920	436852	161715	10804	54	118828	55550	25775	135958	31383	21589	114598	12194	146183	623647	50668	1586	1075	116579	75753	9633	78136	3722
20200828	122185	5874	200694	59583	698389	57158	52495	17083	13851	615798	249317	2256	7806	31643	232052	93387	62828	41808	48937	146406	4436	107146	127584	111303	73289	81294	82341	7086	33436	67984	7216	192751	25042	437487	163154	11114	54	120124	56260	26069	136824	31988	21683	115951	12517	147814	628492	51071	1589	1075	117592	76398	9824	78984	3763
20200829	123889	5985	201317	60378	702499	57326	52495	17349	13925	618995	251676	2256	8115	31874	233806	94512	63836	41909	49914	146406	4489	107790	128030	112104	74306	82029	83894	7256	33753	68576	7246	193100	25178	438122	165533	11488	56	121340	57353	26293	137576	32550	21683	117249	12942	149310	633834	51486	1605	1129	118809	76835	9967	79767	3784
20200830	125235	6036	201695	60856	706589	57515	52495	17343	13959	621578	252813	2256	8315	32034	235779	95394	64599	42011	50170	148030	4512	108286	128229	112598	75238	82676	85076	7340	34046	68981	7254	193391	25283	438831	166510	11706	56	122262	58020	26554	138137	32848	21683	118324	13322	150249	636547	51854	1616	1134	119747	77123	10110	80311	3820
20200831	126058	6075	201866	61224	712541	57797	52879	17429	13992	623463	254238	2364	8447	32256	237682	96277	65252	43407	50884	148356	4526	108742	128533	113163	75913	82950	86225	7440	34287	69318	7275	193740	25352	439480	167989	11820	56	123157	58733	26723	138840	33199	21949	118992	13509	152033	640317	52166	1624	1139	120594	77719	10250	80733	3842
